postal_code,walk_score,bike_score,transit_score
T2V 1M4,58,61,55
T2T 4C3,53,81,42
T3K 4J2,19,59,38
T2Y 4Z3,6,30,31
T2K 3C5,61,81,53
T3K 4T6,40,60,39
T1Y 7B3,13,59,40
T2P 1J3,94,94,78
T2C 3Z8,32,70,39
T2E 1C3,82,84,54
T3H 2L4,26,67,35
T3G 5X6,47,65,36
T2V 3K9,36,53,53
T3E 2E3,56,74,48
T2X 0M4,4,50,28
T3G 5E9,15,47,49
T2S 3C7,55,91,59
T3G 4G3,23,65,38
T2Z 2C5,22,65,41
T2A 4E3,50,50,49
T3A 6C3,38,53,35
T3G 5Z6,14,64,31
T3E 4Z5,43,67,47
O0O 0O0,0,4,N/A
T3A 2V9,59,91,44
T3H 1Z3,15,68,38
T3H 4K7,25,72,54
T2C 4H4,41,71,48
T2L 1S3,54,71,58
T3M 2L6,30,73,38
T2M 2M2,54,87,52
T2H 1N9,66,81,59
T3H 0S5,11,71,56
T3M 1X4,8,55,34
T2J 5L7,5,63,26
T2J 7J4,37,78,54
T2E 4W6,58,73,39
T2A 6H4,27,61,44
T2J 6B9,13,54,31
T3J 3L4,37,71,60
T2C 5M7,15,64,39
T2X 3R3,16,46,28
T2Z 0J3,16,60,29
T2R 0W8,94,94,76
T2Z 2T2,18,65,34
T2H 0V8,41,59,53
T3H 4W5,30,70,33
T2J 0T3,63,63,50
T2E 2T8,78,86,53
T3N 0T9,7,41,33
T2C 3V6,41,74,42
T3A 2K6,13,64,46
T3K 4W3,50,75,49
T3E 2J4,60,74,49
T2A 6G8,68,67,58
T2X 1K9,18,62,41
T3N 0A8,14,49,34
T1Y 2Z1,36,75,53
T2J 0B8,44,69,31
T3H 5M2,24,68,46
T2T 0W1,50,85,51
T3N 1S7,0,26,18
T2V 4R4,57,59,34
T3G 6A9,51,71,36
T2T 3B4,31,67,44
T3R 0M7,19,50,37
T3H 1R3,26,69,49
T3K 5V3,25,64,48
T2Y 3L5,22,63,60
T2Y 5A5,14,46,25
T2G 1L7,72,92,76
T2T 4S4,50,78,50
T3P 0L4,0,30,0
T2X 4L2,9,37,25
T3H 5V5,45,67,54
T3H 4N1,16,49,49
T2J 6C8,22,51,32
T2K 5S3,43,66,52
T2V 4G4,17,69,28
T1Y 7L1,36,66,35
T2B 1C3,59,61,54
T2W 4H4,14,39,30
T2Y 4X1,23,65,32
T2N 3R7,53,90,54
T3K 0E7,43,73,49
T2S 0K9,64,95,58
T3H 2J4,35,61,49
T2K 4M9,19,43,53
T2Z 4R2,4,57,27
T1Y 3Y9,55,72,46
T2P 4X2,79,95,73
T3M 1Z9,8,55,34
T2Y 5H9,7,63,33
T2E 5A6,76,93,71
T3C 2R3,39,79,37
T3E 6Z4,27,63,45
T3P 1J4,0,30,0
T2T 2S5,39,78,41
T2E 9C3,72,99,57
T2H 1C2,46,80,48
T2Y 0K7,64,78,51
T3K 4N4,34,70,46
T3H 5Z5,40,52,31
T3K 4T9,59,64,52
T2T 4A9,41,80,39
T2J 7G4,41,72,53
T3B 6A1,1,39,19
T2C 1S3,42,71,40
T2Z 1B6,55,78,42
T3K 2M7,53,69,51
T3B 4N3,21,78,34
T1Y 3S5,67,77,50
T2L 1X4,37,68,41
T3J 3V6,17,60,45
T3J 5N3,3,55,30
T2J 1J5,61,75,55
T3H 1E5,40,63,37
T2V 0V8,61,77,62
T3A 6L8,5,57,39
T3H 4L7,36,75,35
T2B 0E4,53,77,47
T3B 0H8,45,67,41
T2M 2C7,68,85,53
T3E 6N7,64,81,44
T2N 0R9,86,99,65
T3H 3S3,37,73,38
T2L 0G2,57,73,58
T2K 1Y9,27,77,51
T3A 4Z8,25,53,29
T3E 2K1,64,88,57
T3H 0C9,53,76,34
T2K 1A2,25,79,53
T2P 5P6,93,95,77
T2V 5J8,42,71,33
T2L 2E3,31,76,52
T3H 4N6,2,42,30
T2G 0B5,87,94,74
T2R 0S5,90,94,68
T1Y 5X8,30,72,57
T3A 2C9,61,91,44
T2X 4G3,12,45,38
T2T 1H3,51,74,48
T3H 2V9,45,77,35
T3C 0N3,85,99,63
T3E 1J8,28,75,46
T2Z 5C9,2,42,28
T2X 3Z7,12,45,38
T2Z 4Z5,13,44,41
T2K 1S1,45,80,44
T1Y 5G7,35,72,47
T3M 1N5,40,70,37
T2W 1M7,31,63,47
T1Y 6K5,10,56,38
T3P 0E4,32,59,33
T2J 3J8,26,69,34
T2Z 0S1,37,66,38
T2J 1B8,47,67,31
T3G 6G6,35,70,35
T2V 4Y8,27,82,47
T2V 0P7,71,72,62
T3G 1W4,45,68,45
T2P 5N4,84,94,76
T3L 2G8,6,50,36
T3G 4E4,21,52,48
T3E 4Z6,43,71,47
T3A 2S5,28,58,40
T3L 3C3,6,61,23
T3E 1V9,50,81,55
T3K 6C4,38,65,50
T3H 2W7,26,58,40
T3K 0B6,47,64,33
T3H 2Z2,26,67,55
T2W 3Z7,45,60,33
T2X 2N8,11,45,36
T3H 2N3,28,64,53
T3M 1S3,32,70,36
T2V 0E6,51,69,52
T2P 5G8,85,95,76
T2T 1J3,54,81,45
T3K 2G7,18,53,30
T2E 3S7,81,79,63
T2T 2J9,48,81,41
T3A 2C5,22,51,26
T2E 2A4,65,83,51
T3A 3X8,30,62,33
T2A 6E1,66,69,61
T3B 5Y1,1,38,23
T3H 3C4,39,66,44
T3M 2B6,8,55,34
T2B 1A3,68,62,54
T2J 7H4,40,79,53
T2A 7S7,5,56,42
T2Z 3Y2,48,76,45
T2R 0R5,96,97,72
T1Y 4R7,54,76,50
T2A 7T3,11,56,42
T1Y 4R2,40,70,39
T3G 5G6,25,47,54
T3M 1E7,21,66,36
T3P 0N7,0,30,0
T2J 0A3,62,63,54
T3A 5J6,13,44,31
T3K 4V6,8,44,29
T3M 1T3,26,65,39
T3K 6L7,50,57,53
T3J 3Z2,19,61,46
T2L 1G9,63,93,62
T2N 4B8,43,87,57
T3H 3G6,52,60,45
T2L 2L6,65,91,65
T3G 4G5,11,56,38
T3M 0Z8,40,70,37
T2R 0N3,95,97,71
T2M 4R3,76,98,55
T3L 0B4,9,70,23
T1Y 4A1,59,77,51
T3J 0A6,20,70,50
T1Y 3Y7,57,78,49
T3R 0B6,30,53,38
T2J 2X4,22,62,34
T3C 0A1,44,88,47
T3M 0L4,31,54,37
T2M 2C2,36,86,58
T2H 0V4,47,57,54
T2X 4A8,12,45,38
T2J 6M1,46,59,32
T2V 1V3,63,78,42
T2X 1L1,43,71,54
T2Y 3T2,20,48,34
T3K 2E5,31,65,48
T2G 5R4,33,87,54
T2W 4C6,20,48,29
T3H 4K1,24,56,52
T3M 1R3,8,55,34
T3R 0R6,9,36,30
T3R 0L1,8,41,30
T2V 0V1,50,88,62
T3G 5T8,34,67,35
T2H 3A1,72,79,63
T3B 5Z4,1,38,23
T2X 4H9,N/A,N/A,N/A
T3N 0N4,N/A,N/A,N/A
T3A 4W5,29,64,28
T2W 2A4,17,60,54
T2M 3E1,28,81,50
T2G 1B5,40,87,54
T3B 3T5,19,60,31
T2Z 2Y9,41,62,45
T3A 5N4,14,44,37
T2Z 0G3,17,44,42
T2J 1C9,21,68,29
T3P 0P3,13,55,34
T3H 4B4,19,65,38
T3B 4W4,27,81,48
T3E 3H4,58,69,48
T2T 5P8,57,82,44
T2B 2E4,9,55,42
T2L 1G4,47,73,43
T2E 7X9,24,54,34
T3K 6G5,21,42,37
T2M 1N5,60,81,52
T2R 0Y9,93,95,75
T2P 5M5,86,99,69
T2M 1Y6,41,89,52
T3J 0N7,32,51,23
T2W 2T6,49,74,55
T2W 5T9,16,64,25
T3N 1G9,1,31,31
T3G 5C2,36,51,28
T2X 1J1,27,63,43
T2E 3X9,74,97,64
T3M 1H1,26,67,36
T3H 2W6,26,55,55
T3H 1G9,39,64,37
T3L 1P3,36,66,49
T3A 1H7,49,78,59
T2E 4G8,75,99,55
T3B 6C5,9,41,36
T2G 1S2,26,57,38
T3M 2P3,40,72,37
T2W 4Z5,28,55,27
T3G 1Y5,76,76,53
T2T 0M3,49,85,53
T3E 7T7,44,63,48
T1Y 6W2,34,65,41
T2X 0P4,17,49,40
T1Y 4G6,50,72,41
T2Z 0L9,36,75,45
T2R 0R8,95,97,71
T3K 3X4,68,71,47
T2T 6J7,75,81,47
T3P 0E9,0,33,0
T3J 1J9,29,57,48
T2E 2B1,66,83,53
T3C 0T8,87,90,61
T3L 3A6,32,51,23
T2P 3P3,93,96,77
T3K 4V1,57,67,53
T3L 2K4,26,62,28
T3B 0H6,51,78,41
T3B 3K1,16,73,34
T3A 2E3,62,91,43
T2T 1T3,68,82,47
T3L 2V8,21,74,23
T3G 3C1,35,47,34
T3A 5Z9,30,23,36
T2T 2P3,37,78,40
T2V 1V5,63,73,43
T3M 1W4,3,49,28
T2J 0W3,60,62,54
T2X 3A7,10,45,38
T2N 0K3,53,90,53
T2C 4G7,25,70,39
T3M 3A6,8,55,34
T3A 1M4,37,74,57
T2B 0E1,44,62,49
T3R 0P6,14,47,34
T3G 3L5,54,65,42
T3A 0M1,54,80,56
T2K 4E4,43,67,57
T2J 1R9,41,70,31
T2Z 1J3,2,47,27
T2Z 4K2,44,75,45
T3A 1B9,46,77,61
T2W 0S7,47,56,49
T2P 5G3,91,96,76
T3J 1G1,50,71,49
T3P 1G4,59,64,37
T3H 5C1,30,72,38
T2L 1J5,67,92,65
T3M 3C1,8,55,34
T2W 2J4,46,57,34
T3R 0T9,12,46,30
T3G 5V2,52,72,36
T2J 1X3,25,59,29
T2K 1V3,63,85,44
T2B 1V1,37,60,48
T2Z 3V3,60,85,47
T2G 4K5,48,83,53
T3M 2L9,8,55,34
T2J 4P8,13,65,34
T1Y 2C3,38,76,40
T2T 3H8,33,76,44
T2A 5E4,54,61,54
T3M 2K5,8,55,34
T2C 2C6,25,49,39
T3M 0Y5,41,70,41
T3M 2L5,8,55,34
T2J 3P5,30,68,30
T3E 2W8,64,71,51
T3M 2E3,31,74,37
T2E 0X1,81,98,55
T3M 0T9,35,69,37
T1X 1A6,4,29,N/A
T3J 3Y6,7,56,38
T2V 1N3,38,79,51
T1Y 4P2,51,70,40
T2C 5G3,42,78,44
T2S 2T9,78,98,56
T3P 1K1,0,30,0
T2Z 4B7,41,67,46
T3M 1Y3,8,55,34
T2Z 1X4,25,63,40
T3B 6G3,0,33,23
T1Y 7A3,38,65,42
T2Z 3Y6,14,42,41
T3J 3E1,39,69,59
T3L 0C4,7,21,20
T2N 0E1,71,98,65
T3G 1M2,9,56,42
T2Z 4S7,39,56,42
T2R 0P2,90,97,68
T2Y 0B7,10,37,25
T2M 1S4,65,83,52
T3K 2G4,15,50,29
T3H 0E4,61,66,32
T3M 0T5,40,73,38
T2T 1A5,49,81,48
T3L 2S4,11,52,50
T3M 0E1,22,45,37
T3K 4Z1,54,72,42
T2T 4M9,53,78,51
T3A 6M1,7,9,37
T3H 0E6,61,66,32
T3R 0K2,16,47,37
T2H 1N1,62,83,61
T3J 1A9,41,66,44
T2P 5N3,91,96,76
T3H 5W9,34,74,37
T3A 2M5,27,55,38
T2E 0P3,72,99,57
T2E 5B9,39,73,45
T3K 5A3,44,66,45
T3G 0G1,21,61,33
T3R 0C8,10,43,30
T3G 0E9,35,70,35
T2X 3J2,15,38,36
T3K 5Y9,78,77,49
T2E 0P9,81,96,52
T3H 5C4,23,70,36
T2K 0G5,29,81,44
T2K 0W8,36,80,53
T2X 1K1,22,61,37
T2T 4K1,70,85,51
T3H 5N4,1,54,26
T3A 6G8,17,46,33
T1Y 4W8,67,77,62
T3M 0R6,13,36,34
T2Z 1M3,20,43,39
T3H 6C2,25,50,44
T3N 1L5,0,26,18
T2Z 0C1,13,61,32
T2Z 0Y1,53,81,47
T3K 4X3,59,93,44
T2L 1L3,62,82,61
T3J 0H2,54,75,62
T3E 7R2,30,63,46
T3K 6K6,61,59,53
T3R 0S5,22,51,38
T3J 4V9,8,61,40
T2E 1M2,75,94,61
T3C 2Y8,37,76,48
T2E 1E2,85,96,56
T2Z 2G5,12,40,40
T3A 5P2,11,58,32
T2J 6H6,28,52,34
T2Y 4J3,53,43,59
T2A 2W4,45,58,53
T2Y 2V2,2,53,40
T2Z 1L3,23,70,38
T2E 5P2,58,88,41
T3J 0N8,16,69,55
T3R 0W2,0,38,0
T3J 4Z9,37,72,60
T2B 3L4,25,56,39
T3H 1B8,44,74,37
T2C 5E5,14,59,41
T3A 5P6,10,38,37
T3G 0G3,35,70,35
T3L 2H1,25,62,53
T3L 0A3,20,65,34
T2E 4P2,65,97,51
T2E 1C7,78,86,50
T3M 0H3,8,37,35
T2T 3K1,85,81,51
T2X 2C3,1,50,21
T2B 1A4,68,63,52
T3K 5C2,11,62,44
T2J 4S4,26,66,34
T3B 2V9,48,84,59
T2T 4L7,38,82,38
T3G 4N3,13,37,36
T2Z 2S4,12,55,38
T2T 3Y8,79,85,50
T2X 2B3,12,45,38
T3P 1L8,0,30,0
T3B 5V8,5,47,23
T2E 5H2,55,92,39
T3E 6R1,46,62,43
T2S 2V2,72,97,57
T3A 2X3,26,51,40
T3B 3B9,44,73,56
T3M 0P4,9,35,34
T2N 2V1,49,77,58
T3K 5Z1,50,57,53
T2X 2E2,38,74,52
T2K 3R1,61,89,52
T3B 4V7,16,79,45
T3A 5M4,16,62,38
T2T 2A9,54,80,42
T2J 4Z4,11,64,29
T3H 0C8,34,60,30
T3K 3G3,15,54,29
T2K 5X1,58,79,51
T3M 1E2,6,40,39
T2T 4C5,53,81,42
T2A 3S7,42,56,48
T3E 4L2,49,73,53
T2E 2K2,34,78,46
T2J 3E9,19,59,30
T3C 3X7,18,51,51
T2M 1E1,60,86,52
T3H 0T8,25,50,44
T1Y 6S5,49,72,60
T2E 4Z6,65,96,63
T2Y 3T3,19,37,33
T2B 1L5,64,64,52
T3H 0X1,25,50,44
T2T 1P6,48,78,46
T2T 4J1,39,80,36
T2T 1H5,53,75,48
T2K 0W6,37,79,52
T3E 7H4,62,71,49
T2P 0E6,91,95,77
T2M 4X8,72,95,59
T2J 6R2,46,70,33
T3M 1N9,9,60,33
T3H 3E6,32,65,54
T2L 1T7,56,70,44
T2Z 4W5,42,77,46
T2G 3N3,39,60,44
T3P 1K6,0,30,0
T3A 2Y3,16,49,37
T2X 2J8,48,71,53
T2M 0A4,77,82,54
T3C 3K3,56,84,41
T2P 5G4,91,96,76
T2S 2T3,78,98,56
T3N 1R3,0,26,18
T3K 3J4,16,57,36
T2P 3R8,83,93,76
T3G 3N3,31,59,40
T2H 0Y9,57,82,55
T3B 5R2,8,53,31
T3B 5M1,16,56,24
T2X 2B6,45,55,51
T3C 3H3,20,81,42
T2E 1Z7,71,86,53
T3H 0W9,28,58,32
T3K 4L4,73,77,46
T2Y 4J4,48,61,59
T3H 3B5,26,68,54
T2A 5Z7,60,52,48
T2R 1J7,95,95,76
T3C 2H5,71,89,61
T2X 2M7,16,44,40
T3M 2B4,8,55,34
T2V 4C4,25,57,35
T2K 1K6,49,86,53
T2B 3C2,18,36,42
T2E 1P8,81,84,54
T3A 5Y4,37,39,37
T2V 0G8,66,78,54
T3H 5X4,10,56,24
T3H 0Y4,25,50,44
T3B 0P4,64,91,44
T3G 3C9,32,64,37
T2J 0H9,66,71,56
T2Y 0A1,13,63,33
T3G 5G4,19,47,33
T2R 0N7,93,96,72
T3N 1G8,1,31,33
T3E 8A9,35,68,47
T2S 1S3,84,98,59
T1Y 4Z2,44,72,45
T2T 6J3,68,74,48
T3C 2Z1,40,82,55
T2R 1S6,89,96,72
T3G 4N9,28,50,45
T2E 0N4,79,78,54
T2J 0Z1,37,64,37
T3B 2T2,45,77,41
T3R 1N3,23,55,38
T3H 4Y8,19,45,39
T2Z 4R7,20,64,35
T2T 1E7,55,77,51
T3M 0A5,46,69,40
T2N 0A8,90,99,73
T2L 2G8,42,77,40
T2Z 2G3,15,42,41
T2E 1S8,79,82,60
T2M 1K4,57,94,50
T2R 0P4,89,96,72
T2L 1M3,62,81,62
T2Z 0Z7,37,66,38
T2X 0A4,27,63,32
T3G 3B6,31,42,34
T2N 1E1,27,76,53
T3A 5T1,3,22,38
T2R 0L9,90,95,74
T3H 2L2,30,64,36
T2R 0J5,90,96,73
T3P 0P5,0,30,0
T3B 0S6,66,92,46
T3K 5E4,2,35,31
T3A 4Y1,30,66,34
T2Z 0L4,4,54,31
T3K 5A2,30,71,45
T2Z 1B2,37,66,38
T2R 0H1,95,95,76
T3P 0R9,12,42,32
T2G 0T9,44,74,56
T2J 2C4,41,73,48
T3C 0B4,56,91,44
T3G 5N1,39,69,27
T2V 0E8,64,78,46
T3H 3L1,45,77,34
T3R 0V2,19,45,39
T3A 4X4,N/A,N/A,N/A
T2W 5P8,25,63,25
T1Y 3H7,46,68,58
T2R 0S2,94,96,69
T3N 0S4,0,26,18
T2L 0Y2,44,87,54
T2T 6H2,89,83,53
T2J 7H1,53,68,32
T2W 3E5,33,58,33
T3N 1T3,0,26,18
T3J 0K4,1,61,34
T3K 4G4,45,63,40
T2H 1E7,48,79,57
T2V 4J9,19,64,28
T2V 3L5,32,52,51
T2E 4E1,51,92,64
T2M 1Y7,65,96,55
T3B 4X7,9,56,37
T2E 0L2,76,87,59
T2Z 0Z5,37,66,38
T2R 1S2,93,96,70
T3C 0W3,90,98,65
T2T 0L1,85,81,50
T3B 4T7,25,63,51
T2E 9C8,72,99,57
T2N 1A5,43,66,49
T3N 0P1,2,51,38
T3A 2B4,73,81,61
T3N 1P7,0,26,18
T3M 2A2,8,55,34
T3K 5W6,35,68,50
T2Z 5A9,2,47,27
T2Z 0V5,5,41,33
T3C 1R8,63,92,44
T2G 1E1,90,93,76
T1Y 7J3,17,60,37
T3G 1R8,34,64,40
T3H 3J9,40,80,37
T3H 6A7,25,50,44
T2E 5E7,45,83,44
T3G 1K4,23,55,41
T3J 3P1,34,68,60
T2Z 1G1,48,78,46
T2Z 0B6,45,75,46
T2J 0T1,67,85,53
T2N 3H6,45,91,60
T3C 0S8,62,88,56
T2X 1H5,28,64,39
T3A 6K1,0,32,37
T3A 5Y7,70,81,62
T2N 2G6,52,92,57
T3H 0V8,25,50,44
T2Z 2E6,18,46,41
T3J 0M1,11,62,41
T2M 4E4,62,92,60
T1Y 3W3,58,71,47
T2T 1W1,61,83,45
T2K 3Z2,43,57,55
T2Z 1J7,48,76,45
T3M 0T8,26,66,38
T2Z 0N9,19,69,30
T3E 1W1,51,79,52
T2M 1X2,73,86,53
T3A 5L9,12,59,37
T2T 1J1,59,78,52
T2M 4J6,31,82,55
T3C 1J2,52,92,58
T2A 2J5,22,57,51
T2E 2B3,66,81,52
T3K 1B8,26,60,50
T3R 0S3,0,38,0
T2Z 1C5,18,66,29
T2Z 2T6,17,67,32
T3H 5Y4,24,52,46
T3R 0W6,0,38,0
T2Z 2P3,13,64,31
T2J 1K6,46,67,33
T3E 3M9,44,61,47
T3K 5X5,35,68,50
T2V 0S3,54,87,59
T2T 1A6,49,79,48
T2X 4C4,10,35,26
T3K 5T6,29,58,39
T3L 2X7,10,52,52
T3H 4G2,2,12,24
T3H 2Y7,24,62,55
T3E 1W3,51,79,52
T3M 0M9,20,43,35
T3B 1W7,32,73,39
T3J 0J5,8,61,40
T3K 5A6,59,69,50
T2W 0E2,17,65,38
T2X 3T9,38,67,32
T2L 1Y3,52,81,63
T2M 1N2,74,86,54
T3M 0R7,9,39,35
T2N 3N7,49,87,52
T3E 5W6,22,68,40
T2A 4N7,45,71,43
T2Z 0W4,7,50,28
T2W 2V5,24,65,32
T2G 2Z4,67,94,61
T2W 4K8,17,59,29
T2T 5S3,67,83,49
T2W 2E9,36,55,39
T3J 4R5,45,64,58
T2T 4A6,51,81,41
T2T 1Y9,66,82,45
T3R 0Z4,5,38,25
T3H 0G3,27,72,54
T2N 2J1,53,91,56
T3R 0N5,20,47,38
T3H 5G1,30,72,38
T3M 0K4,20,43,35
T3A 2E5,63,89,61
T1Y 3E3,48,78,53
T2X 0B2,50,64,32
T2N 1E5,36,84,59
T2Y 4A9,63,60,60
T2Y 4Z1,37,67,33
T3A 2E2,67,85,60
T2S 3B8,54,86,58
T3L 2V9,17,71,23
T2N 3A1,27,81,51
T3H 5A6,3,52,24
T3B 4W1,21,81,46
T3H 5X3,6,55,24
T1Y 6P2,30,64,37
T3H 4L8,13,35,36
T2J 6H9,8,64,32
T3H 5X8,47,55,32
T2Z 2K9,17,66,35
T3H 0P3,43,64,30
T3L 1C2,56,76,55
T3B 5W6,1,44,23
T2N 5B2,93,99,73
T2Z 0X5,19,69,30
T2N 1A2,37,78,57
T3H 3R7,40,74,37
T2R 0S6,90,94,68
T2Z 3R4,58,80,46
T2E 0K6,75,97,65
T2T 5L3,55,75,44
T2Y 2X1,6,57,32
T2N 3J4,44,84,53
T3J 4T1,54,72,61
T2N 2A9,77,10,61
T3R 0V5,0,38,0
T2Z 1A8,48,76,45
T2Z 3W7,55,78,46
T3C 0Y1,87,89,60
T2E 1V2,67,88,48
T2T 4X9,65,84,45
T2B 0L4,36,77,42
T3A 0S9,41,85,62
T2G 0R5,91,92,77
T3K 0V4,53,62,40
T3B 0P3,63,91,44
T3R 0K5,22,56,37
T3M 0W6,28,47,37
T2Z 1Z4,4,59,28
T3B 2E8,50,80,44
T3H 3H8,30,61,42
T3R 0Z9,0,38,0
T3K 1N2,41,65,53
T2M 1J6,64,81,52
T2S 2V8,55,91,59
T2T 6B3,75,79,48
T3J 5J5,23,64,57
T3M 1S5,2,37,22
T3G 5W8,38,69,36
T2Z 3H8,52,76,46
T3H 0V9,25,50,44
T3M 2C3,2,28,22
T2X 4E7,12,45,38
T3M 1N7,7,61,28
T2G 1H7,82,90,75
T3H 5H9,49,73,52
T2T 2C6,74,78,47
T2T 2B2,54,81,42
T3P 0M3,N/A,N/A,N/A
T3E 3S2,44,63,48
T2T 4A4,54,81,42
T2Z 3L3,57,62,46
T2N 4J3,37,85,56
T3H 3M8,35,75,34
T2T 6P3,61,73,48
T3M 2E9,8,55,34
T2Z 3C5,18,53,36
T2Y 4Z5,62,74,35
T3E 7V3,55,90,57
T2N 4E4,55,91,61
T2G 1K6,69,93,75
T3J 0G1,24,70,52
T3M 1S7,8,55,34
T3G 2Y1,28,49,36
T3A 6H5,19,45,40
T3H 4N3,28,64,55
T3H 3B3,29,48,38
T3K 0V8,68,67,53
T2L 0V2,60,92,62
T2T 4S3,53,78,51
T2M 4W2,79,85,54
T2N 4N7,70,95,60
T2X 4L3,12,45,38
T2N 4H6,81,97,61
T3J 3N8,32,66,58
T2Y 5A1,66,69,34
T2Y 3A6,21,62,44
T2T 3T2,85,83,49
T3J 0Y8,33,67,59
T2X 3R6,60,77,51
T3K 4J4,10,57,37
T3J 0Y2,33,67,59
T3J 1S7,60,77,58
T3N 0M4,0,26,18
T2W 3Y5,13,62,30
T1Y 4K4,49,76,53
T3A 6B6,3,21,32
T2R 0S8,90,94,67
T3P 0J2,0,30,0
T3G 5X3,39,69,21
T3H 0G1,35,65,33
T3E 5G8,34,88,48
T2S 1G2,63,87,51
T3J 5M8,2,61,28
T2Y 0P4,18,52,49
T2Y 3S1,24,62,50
T2Z 3N8,36,69,33
T3H 0T9,25,50,44
T2W 4L6,28,55,27
T3E 4G7,38,69,53
T3G 5N2,40,64,21
T2Y 5B1,7,62,33
T3K 5B6,52,73,51
T3B 5X4,7,52,36
T3C 2V7,30,78,37
T2T 1H4,51,76,47
T2N 0T7,43,86,50
T2K 6J4,29,63,49
T2M 1R9,64,93,58
T2X 4A5,12,45,38
T3R 1V5,20,53,32
T3C 1M2,56,86,59
T3B 5L5,14,60,23
T2T 2P5,45,76,42
T3M 2C8,8,55,34
T2Z 0R8,18,56,30
T2W 5T5,19,64,26
T3J 5H1,30,66,52
T2V 5C1,49,77,36
T2R 0N6,95,96,73
T2R 0T9,95,93,77
T3M 2R8,8,55,34
T3H 5V8,41,61,54
T2G 5J5,82,91,77
T2E 0B5,78,97,70
T2R 0K7,95,96,75
T2G 1H8,82,90,75
T2A 0G8,56,74,60
T3E 4H3,44,77,56
T3H 3K5,70,81,46
T3S 0A6,2,53,21
T2A 2K5,36,53,52
T3G 5B9,26,41,53
T2R 0X4,95,95,76
T3H 4X3,5,29,35
T2T 0W6,64,90,50
T2E 1M1,78,85,52
T2X 0L8,11,50,31
T3M 2W9,36,43,41
T3E 7Y4,51,60,N/A
T2T 2W1,33,81,40
T2N 2Y6,28,81,50
T2J 4K6,28,67,32
T3E 2G5,61,87,54
T3E 3Y7,63,87,56
T3G 5M8,19,59,32
T3H 3E5,30,61,42
T2C 4E2,41,74,48
T2K 0K5,62,71,53
T3P 1J5,0,30,0
T2W 0Y8,23,61,38
T3E 7V5,31,80,48
T2T 4S8,56,84,51
T3G 2W4,18,49,35
T3G 0B7,21,40,50
T3H 1R7,35,71,33
T3A 1G7,35,73,55
T3B 2P7,43,79,39
T2R 0Z7,95,97,72
T2E 6C6,45,63,38
T3G 2W7,18,53,37
T3M 1E8,20,65,36
T2E 0J9,69,98,63
T2Z 0T9,34,71,43
T2Y 3E7,15,63,37
T2X 3K8,22,63,30
T3A 1K5,67,83,63
T2A 7X8,38,59,49
T2T 5B7,28,71,45
T3G 2R9,22,54,40
T2R 1S5,91,97,70
T3K 2M6,53,69,51
T2Z 2M8,42,70,44
T3E 4V4,48,61,48
T3C 3N7,89,94,63
T2Z 2J2,15,61,38
T3C 1P7,60,92,45
T3G 6B4,47,71,36
T2R 1E3,89,96,72
T3E 8A5,51,60,N/A
T2G 0C7,82,90,75
T2T 3G1,86,80,51
T3M 1R5,8,55,34
T2V 3H6,41,66,46
T2J 0Y7,40,65,39
T3N 1S1,0,26,18
T2Z 3S3,51,78,46
T3A 0M6,60,84,55
T3C 1Y4,38,84,42
T3H 4M2,6,68,38
T3K 4L6,26,58,38
T3B 2H5,43,74,40
T2E 9B3,52,76,50
T3J 0Z6,33,67,59
T2Z 0H8,10,59,32
T3H 0V2,13,38,34
T3G 0E6,52,72,36
T2S 1P4,74,97,59
T3G 2W3,18,49,35
T3B 2X4,43,84,58
T2G 5T7,87,94,74
T3R 1P3,20,55,38
T2K 5W9,58,79,51
T3E 3W5,35,83,40
T2P 5K4,82,90,76
T3C 3X6,18,51,51
T2S 3C9,54,86,58
T2X 3X5,47,68,32
T3J 0V7,33,67,59
T3P 0B8,36,58,35
T3B 5E6,29,68,38
T3H 1E4,40,74,37
T3M 0J7,6,34,34
T2E 9C7,72,99,57
T3J 3G6,40,65,57
T3H 5V7,42,65,55
T2X 3Z5,6,41,N/A
T2S 1B6,61,89,52
T2S 2B5,88,91,53
T3B 0S4,62,91,44
T2R 1R5,96,97,72
T2Z 0R3,9,54,28
T3A 0T5,50,86,54
T2R 0B5,93,94,76
T2E 3W5,79,82,60
T3K 4K3,8,46,31
T3J 5B4,37,71,58
T2S 3H6,46,76,41
T2Z 2B2,18,69,37
T3L 2B9,36,62,49
T3H 5X5,10,56,24
T2P 0X2,82,90,76
T2B 0P9,59,90,47
T3M 1M8,8,55,34
T3P 0V8,0,26,0
T3K 5B3,25,62,35
T3P 0N3,6,53,31
T3A 1T6,28,67,42
T3L 1X9,11,65,47
T3C 1X9,62,84,55
T3G 5K6,27,41,52
T3M 2L8,8,55,34
T3E 5X9,15,69,45
T2X 3S5,33,65,32
T3M 1L1,42,68,41
T2M 0N4,64,92,57
T2M 1B6,79,99,60
T3P 0L6,0,30,0
T2X 0N2,33,64,32
T3K 0V9,53,60,38
T1Y 6T4,28,64,38
T3E 2K4,63,86,56
T2Z 0T7,64,85,47
T2Z 1G6,11,66,29
T2A 4H9,43,68,43
T2E 2E2,59,81,52
T3H 0J3,28,70,32
T3G 5Z5,28,68,30
T3J 0X9,33,67,59
T3G 0C2,22,53,46
T3G 5N7,42,66,37
T2M 0X1,79,98,59
T2T 2V5,32,75,44
T2Z 4P3,46,66,44
T3M 1K7,22,69,37
T3M 2N7,8,55,34
T2S 3E7,79,98,58
T3A 2W3,60,93,49
T2E 6E6,45,63,38
T3P 1B6,40,57,37
T3K 5G3,54,75,48
T3C 1Z3,57,83,55
T3B 0R7,48,87,50
T2M 2S8,84,98,57
T3M 2V9,8,55,34
T2T 1R1,61,76,47
T3H 0E5,61,66,32
T3H 5S9,4,49,24
T2S 0C9,90,98,59
T3M 0E6,15,67,35
T3K 4X8,47,73,44
T2T 2C8,71,70,47
T2P 0W3,82,90,76
T2M 0Y9,62,87,57
T3L 2C4,39,68,46
T2G 5P9,86,95,72
T3B 2M4,37,74,39
T2T 3E6,88,80,51
T1Y 4B5,56,76,50
T2T 4A3,54,81,42
T3J 0N5,32,51,23
T2Z 4N7,38,72,44
T2V 4N5,72,84,57
T2V 4X1,46,83,51
T3G 3W1,37,69,35
T2R 1A7,95,96,71
T2E 1R3,78,82,52
T3C 0X1,56,90,58
T2Z 0B3,42,75,41
T3B 5N7,26,42,40
T3A 6A5,23,64,37
T2L 1W1,54,75,41
T1Y 4R1,37,76,41
T2Y 0J7,48,53,29
T2S 1Y6,15,77,52
T3G 3R9,28,57,38
T2N 1A7,40,85,50
T2V 3Y8,33,77,33
T2T 1T6,70,78,47
T2Z 1E7,13,67,38
T3E 5E9,29,78,48
T2T 4S1,53,78,51
T2T 6S3,51,77,47
T3H 3V7,9,26,29
T3R 0V7,0,38,0
T3N 1G4,0,26,18
T2N 3C8,84,99,71
T2H 0X2,48,74,52
T2Y 2X8,5,57,31
T3M 2J9,14,61,38
T3H 4T5,17,64,38
T3H 4K5,15,49,39
T3G 5Y8,37,67,21
T2X 3B7,27,48,50
T3H 1S9,15,52,41
T3A 2E6,62,87,63
T2N 4H4,52,91,62
T2T 0Y4,39,75,53
T2K 0Y1,34,83,52
T2T 2M8,58,80,44
T2A 3H3,49,57,56
T2V 0S2,61,82,60
T3M 2L7,8,55,34
T3M 0C3,38,69,37
T2T 1L1,58,74,48
T2N 2W1,40,83,50
T2W 3E7,57,62,33
T3H 4N7,3,43,33
T3P 0R8,7,39,32
T3E 7N9,36,81,48
T3K 1E6,23,57,44
T3H 0M1,15,45,24
T3P 0A4,30,57,34
T3A 5W7,25,61,38
T2J 6A8,51,61,32
T3H 0P8,44,65,31
T3E 4Y6,43,63,49
T3L 2Y4,7,47,30
T2E 1Y2,77,85,53
T2N 2X4,31,73,54
T2J 2N7,35,64,31
T3G 1Y2,40,63,40
T3A 5L7,12,58,39
T2G 4N5,22,57,39
T3M 1T5,25,66,39
T2Z 4N1,57,78,47
T2E 0M4,60,88,48
T3E 1V8,51,81,56
T2E 0H7,81,79,66
T3B 1H5,58,91,46
T3H 2L9,28,57,47
T2H 3B3,67,77,58
T2V 2M7,50,78,54
T2T 0L5,90,81,52
T2M 3X8,44,85,59
T2Y 5A7,32,40,29
T2N 0E6,89,99,71
T3B 6B3,17,37,37
T3G 3J3,36,50,36
T2W 1W3,35,68,45
T2B 1J2,67,60,53
T2A 6G4,58,69,55
T3B 3Y7,20,45,50
T3G 3Y3,24,65,39
T1Y 4G9,44,76,51
T2T 1M8,49,77,48
T3A 2X6,23,50,41
T2E 4R9,56,77,50
T3K 6E7,13,40,37
T2A 0C1,32,77,57
T2S 3H1,46,76,41
T2X 0Y9,2,41,21
T2Z 1A3,19,66,43
T2Y 4M1,14,45,58
T3B 0N6,45,82,48
T3K 2B6,19,60,50
T2W 6A6,12,37,35
T3K 0G6,44,58,52
T3R 1N6,27,54,38
T2V 4N7,58,73,39
T3M 2S8,8,55,34
T2V 1X5,35,86,49
T2R 0R4,95,97,72
T2V 2P5,46,87,56
T3B 3B3,44,73,56
T2Y 2T6,22,65,45
T2N 0H3,47,88,49
T3A 2E5,N/A,N/A,N/A
T3R 0V1,0,38,0
T3H 1R5,28,70,51
T2Z 5C7,20,69,30
T3N 1B7,1,27,27
T3E 1A3,55,63,48
T2S 0C5,95,97,69
T3M 2B8,8,55,34
T2K 2C1,43,79,45
T2L 2J9,49,83,59
T2K 2E8,36,75,45
T1Y 5L7,40,72,40
T3M 2C6,1,45,27
T3M 2V4,8,55,34
T2V 5K5,57,86,63
T2N 2W5,34,82,49
T2V 3P5,40,78,33
T2E 3E4,54,77,53
T2M 1W1,52,91,58
T3M 2L1,31,66,38
T2N 0L4,44,86,50
T2Y 1Y9,50,75,55
T2T 4T4,59,80,52
T3B 1Y3,41,78,38
T3G 5W1,26,68,21
T2J 0X3,39,65,36
T2V 5H4,35,64,36
T3B 5V3,6,42,23
T2T 1G6,57,81,47
T2Z 0G8,14,60,30
T2T 2R7,39,78,41
T2J 3Y9,41,66,32
T2X 0G9,56,55,23
T2X 0L6,16,34,39
T2M 2B1,48,89,51
T2R 0M4,93,96,73
T2N 0J6,89,99,67
T2X 3T4,51,77,49
T3E 3V8,51,72,48
T2P 1N4,83,88,78
T3C 0S1,61,83,60
T3H 2N5,53,82,39
T3N 0L5,0,26,18
T3B 5M8,26,42,40
T3M 0G1,31,62,39
T3C 1X7,61,85,55
T3B 1Y5,36,77,39
T3E 2A4,59,88,57
T3N 1E6,0,26,18
T3G 0C3,21,40,51
T2V 1G6,53,88,62
T1Y 1E5,42,57,55
T3R 0V8,9,51,31
T2N 1N2,39,86,61
T2P 0G9,93,96,77
T3H 5B5,50,79,36
T2T 3Z8,61,81,48
T3H 5H8,18,50,41
T2K 1M9,57,90,46
T3H 0P6,37,65,33
T3H 1V7,40,66,37
T2P 1L1,82,90,76
T1Y 5Z3,40,76,57
T2Z 4T6,3,39,36
T3B 0N9,59,90,43
T2E 8Z4,77,78,70
T2C 5M9,17,35,38
T3E 6V3,36,47,43
T2W 0T2,35,56,47
T3K 0W3,37,62,35
T3N 1T4,0,26,18
T2T 5C4,26,72,46
T3B 2B9,53,82,39
T2Y 2W1,30,62,50
T2Z 1H8,48,76,45
T2J 1P5,23,61,31
T3G 5B3,30,43,46
T3E 3G8,59,67,50
T2A 4Y5,60,65,58
T2T 6M3,56,69,49
T2R 1S4,92,95,74
T2P 5J9,79,97,74
T3B 3C4,10,71,50
T2V 2H5,59,78,56
T2Y 0H7,61,67,33
T2S 0Z8,42,83,46
T3H 4H2,3,47,28
T3B 0B7,66,92,46
T3C 3E1,10,53,39
T3H 3R6,24,66,43
T2Z 0S4,94,91,79
T2K 4Z7,18,55,51
T2A 3N2,22,46,51
T2J 0Y1,49,65,40
T2E 2J5,42,70,51
T2N 2M7,63,93,60
T2A 5J8,55,71,44
T3N 0A9,13,43,34
T2E 1E8,81,85,52
T2M 2N3,51,83,52
T2N 1X1,92,99,71
T3G 5J6,24,51,54
T3H 5K3,43,70,36
T2T 1R8,66,76,48
T2V 1W8,57,90,57
T2Y 5G1,2,28,27
T2T 1B8,57,92,48
T3H 4P9,7,37,27
T3H 3G3,66,79,46
T3C 2H2,77,89,60
T3E 6B2,50,67,44
T3E 2N4,66,87,58
T3E 2X1,63,68,49
T3B 0B4,65,92,45
T2H 1H5,50,72,61
T3E 1W6,50,70,47
T2L 0N8,46,74,44
T2M 4J7,28,82,54
T3C 3E6,22,78,40
T2E 2N8,49,79,53
T2E 5A8,76,98,68
T2Z 3J2,15,61,35
T3E 3N6,49,73,52
T3N 0C4,6,38,34
T1Y 5J7,41,75,58
T2Z 5B6,15,67,29
T3E 7A6,31,80,48
T2Z 0P4,3,40,29
T2S 0P5,59,91,46
T2E 8W2,73,97,64
T2Z 1X7,3,57,36
T3C 0N6,75,92,62
T2Z 1H9,2,48,27
T3C 2L8,42,79,57
T2E 0N1,80,97,60
T1Y 2G2,32,66,38
T2A 1B4,68,61,56
T2J 6Y6,27,60,33
T2C 5L7,17,35,38
T2A 5C1,22,64,40
T2J 3M9,43,81,52
T3M 3A7,8,55,34
T2M 1A4,76,99,56
T2P 5N6,91,96,76
T2G 1S9,26,57,38
T2J 3Y5,39,66,32
T2N 3H7,56,90,59
T2W 2G8,25,69,31
T3K 0N4,27,62,46
T3A 6B5,8,21,38
T3J 0S6,33,67,59
T3G 5N5,17,56,32
T3R 1L2,42,59,37
T2M 0B4,77,99,55
T2E 8W9,24,54,34
T3C 2C8,31,77,55
T3P 1G1,30,57,37
T3G 3W3,36,68,36
T3C 0N4,80,99,62
T3H 5R5,10,42,34
T2T 3W6,86,88,58
T3G 5Y3,17,50,29
T2G 1T2,71,89,76
T3B 5L2,31,59,37
T3E 2X9,65,81,56
T3M 2H6,32,73,40
T3J 0N4,32,51,23
T2V 2P9,49,88,59
T3M 2G7,8,55,34
T3E 6B9,37,76,27
T2J 6N7,41,70,33
T3K 4N7,16,52,38
T2M 2M8,36,85,50
T2T 2L4,34,73,41
T2Y 4P7,9,49,25
T3L 2W5,7,47,30
T2T 1Y4,54,80,42
T3K 5X4,61,75,47
T2A 2A7,44,56,54
T2Z 1E3,47,76,46
T3J 0X8,5,31,38
T3M 1G6,11,56,34
T2Y 0K4,43,57,53
T2A 2X7,43,58,54
T2X 0W4,12,45,38
T3G 6A4,25,62,35
T2E 0S6,41,88,37
T2T 3S9,85,83,49
T2V 3C8,57,82,60
T3E 5E3,29,78,48
T2Z 2L3,23,59,32
T3G 5L3,24,43,52
T3J 0S3,17,71,47
T3C 0R5,80,88,62
T1Y 4R3,45,80,43
T2E 5J6,51,85,40
T2K 2B8,40,71,47
T2M 0P6,77,95,60
T2S 0H9,72,97,58
T3G 5S4,9,42,33
T3H 2Z3,25,69,54
T3J 3V4,45,68,60
T2V 3Z7,50,78,33
T3B 6H3,9,41,36
T3M 0R5,40,73,38
T2S 1A1,42,79,44
T3H 0Z8,25,50,44
T3E 5N6,43,88,45
T3E 1W4,50,77,51
T3G 0G6,35,70,35
T3J 3V3,25,59,60
T2Z 3N6,35,65,36
T2C 2J8,26,59,47
T2Z 2M4,8,48,35
T2N 1Z7,85,10,63
T2K 4J6,45,58,55
T3G 4B5,46,64,50
T3H 5W2,35,75,38
T2W 5A7,24,64,30
T3C 1L9,60,93,59
T3R 0R8,12,54,38
T3A 5C8,17,59,37
T3H 3B9,19,65,53
T2N 3S9,40,79,51
T2N 1A1,43,88,48
T2E 2J2,43,70,48
T3N 0L3,0,26,18
T3K 5J5,0,36,30
T3E 3H2,43,71,47
T2G 0B3,84,89,78
T3L 2B2,12,50,37
T2T 4Z2,49,79,48
T1Y 4V8,47,72,45
T3N 0P4,11,44,33
T3L 2H3,22,56,53
T3B 2M9,52,79,40
T2V 4S9,46,75,36
T2M 0W3,77,99,59
T2K 3K8,55,80,52
T2B 1C7,61,63,52
T3E 5P4,46,89,44
T3E 7R4,32,67,47
T2M 2T5,80,85,54
T2P 0G8,90,96,77
T3H 1A1,29,73,37
T2L 0X1,47,88,51
T2A 6V8,11,55,43
T3B 3C2,17,69,47
T3H 4J7,10,52,34
T2S 0C4,97,10,77
T2K 1T1,45,80,44
T3G 6A6,28,64,35
T2X 1K4,12,45,38
T2K 4W3,49,57,55
T2N 2X3,31,73,54
T2S 0K2,81,98,57
T3H 2P8,33,72,53
T2K 6H5,27,65,48
T2T 0K3,88,80,51
T3H 2Y1,22,55,54
T3A 2X8,10,51,24
T3K 6G2,8,48,32
T2J 4B9,15,71,46
T2J 7E2,9,46,36
T2Z 4W7,10,59,32
T3M 1P8,11,66,41
T2K 0H1,44,81,54
T2C 3R3,40,74,43
T3E 1Y9,55,84,57
T3E 2Y4,63,74,53
T2W 4K7,33,53,28
T1Y 5A2,46,73,51
T2P 1K8,83,88,78
T3E 5Z4,15,66,39
T1Y 2H4,54,77,44
T3K 4L3,14,60,39
T2Z 0V8,21,69,30
T2M 0W6,77,96,61
T2X 4E5,12,45,38
T2T 1K9,58,74,48
T2V 5G7,57,59,34
T2P 0C3,93,95,77
T2K 0T5,58,64,54
T3A 0P5,64,91,57
T3E 4X8,42,66,49
T3E 6S3,51,56,44
T2P 5E2,86,96,76
T3E 7G6,48,81,48
T2T 0H7,90,81,52
T3H 0H1,31,69,33
T2G 0X8,91,92,77
T2N 0M8,89,99,67
T3B 2M7,51,80,40
T3A 6H4,22,43,40
T3G 4X2,29,47,29
T2T 4E5,75,85,51
T2W 4L2,30,68,27
T3C 0X8,91,96,64
T3J 1Z5,48,72,56
T3C 3A3,59,89,55
T3A 5S2,8,46,33
T3H 5A1,17,66,28
T3H 2R1,26,71,52
T3M 1H7,15,66,35
T2G 0G3,91,92,77
T2N 0Z3,78,99,62
T2S 0L3,77,98,56
T2N 3T6,27,52,47
T3N 1Y8,0,26,18
T3K 0S7,53,62,40
T2L 1S7,48,69,52
T3J 3T3,11,59,41
T3G 5H2,20,47,52
T3K 0W9,50,64,32
T2K 2E5,31,67,46
T3M 1W8,10,67,31
T2T 3W2,49,82,40
T2R 0P8,94,95,73
T2V 0E9,67,80,46
T2Y 0G8,27,62,33
T3E 6N5,30,67,48
T2N 3H8,49,90,56
T2L 1W5,56,77,43
T2M 3H4,57,90,60
T3A 3Y2,28,59,27
T2E 1A3,82,97,55
T3M 3B3,N/A,N/A,N/A
T2Z 0L6,18,64,29
T3A 5R7,72,91,62
T1Y 4R5,55,74,48
T2W 3Y1,50,69,25
T2C 3W9,41,74,48
T2T 2R8,39,78,41
T3E 1Y5,58,92,58
T2Y 4R6,13,42,25
T3A 1R9,42,77,56
T3B 6G7,N/A,N/A,N/A
T3L 2T2,17,71,23
T2T 1E2,49,77,49
T3H 0Y7,36,63,44
T3H 1T3,39,67,37
T2P 0V2,94,94,79
T2Z 0A7,53,81,47
T2Z 4P9,7,43,41
T3B 3E4,18,72,47
T3C 1N6,67,91,58
T3H 3G2,60,73,46
T2Y 0A8,43,44,31
T2J 3Y6,28,61,33
T2Y 1C5,51,69,54
T3K 4S8,54,71,53
T2Z 1H3,N/A,N/A,N/A
T2Y 3J4,71,74,60
T2N 4G1,30,85,56
T2Y 4T8,55,67,33
T2Y 4Y8,7,28,25
T2M 4Z5,72,95,59
T2X 1Y9,12,45,38
T2N 1R2,56,85,58
T2Z 1C8,56,81,47
T2X 0T1,29,45,31
T1Y 6V6,21,63,31
T3E 4S6,58,63,48
T2W 3G3,56,61,33
T2P 5K1,90,98,76
T2W 1B6,52,63,33
T2K 1Y3,48,81,44
T2S 2Z9,54,85,54
T2S 3E4,54,85,54
T3H 3G1,18,59,52
T2M 4E3,66,96,60
T2N 1C2,67,94,59
T3K 3L4,27,62,41
T2E 0H4,76,76,69
T2Z 5E3,1,42,28
T3E 6R5,53,75,43
T3G 1P2,32,68,40
T3E 0H8,24,72,48
T2E 3H1,80,82,61
T3K 6B3,41,63,49
T2Y 2Y4,29,64,45
T2Y 3J6,35,63,52
T3N 0B5,13,50,34
T3K 3R6,18,53,38
T2N 3C7,75,99,68
T3M 2L3,40,72,38
T3K 0J9,35,37,39
T3A 2S9,29,67,40
T2Y 1A8,58,72,56
T1T 1T1,N/A,N/A,N/A
T3P 0B7,36,58,35
T2N 0M9,88,99,68
T2W 5J9,43,60,33
T2M 3S7,50,88,55
T2Z 1V7,12,63,40
T2E 8Y1,45,84,40
T3C 3T9,50,79,55
T2P 0G7,90,96,77
T2G 0G8,92,93,76
T3L 2C8,4,41,36
T3B 1X9,52,80,40
T2E 1H4,82,80,54
T3L 2J4,44,63,23
T3H 0M9,11,71,56
T3E 1X6,50,81,55
T3H 0C4,41,48,31
T2T 3E8,90,82,63
T2N 1G3,64,75,61
T2X 0B4,42,74,37
T2W 1S1,34,63,36
T2E 1N8,81,84,54
T2M 0P9,77,99,60
T2X 2X6,7,44,38
T2A 7P7,19,57,44
T3H 5C6,10,65,37
T3J 1T8,31,66,46
T2M 3T8,39,87,55
T2S 2Y8,34,76,50
T2J 4Y5,19,53,30
T3M 1M3,6,49,24
T2Z 2N5,27,70,36
T2S 3G3,75,98,59
T3A 2V6,67,79,46
T3G 5Y9,23,43,50
T2Y 3L4,52,67,59
T2K 3T3,56,53,55
T2H 1J4,29,61,57
T2Z 4R1,14,43,43
T3B 3B7,48,76,58
T3G 5P8,36,57,28
T3A 2Z4,10,51,24
T3K 0G8,44,65,51
T3M 0W1,37,72,38
T2M 4A6,59,69,60
T3H 2T3,36,74,36
T2M 0V6,71,98,58
T2X 0L3,24,66,24
T2H 1N6,71,81,61
T3K 6A3,44,66,52
T2S 0E4,92,97,53
T2T 4N7,49,78,46
T1Y 3A5,51,80,44
T2J 5P9,11,64,31
T3G 4C9,40,54,34
T2T 1M2,51,85,43
T3M 2P5,8,55,34
T2J 1S4,34,67,30
T2N 4H7,93,99,72
T2T 4W1,58,79,58
T2X 1Y8,12,45,38
T2N 0G9,51,89,52
T3C 2E9,63,87,51
T3M 0A1,13,65,35
T2S 2P1,58,85,40
T3C 3H6,22,79,40
T2Y 2S3,14,53,55
T2X 4E6,12,45,38
T3G 1L9,22,58,42
T2C 1B9,36,63,43
T2L 0M7,54,77,45
T3P 0M8,2,38,30
T2H 0Z1,60,77,54
T2M 1H8,71,95,58
T2T 1E3,51,74,48
T2L 2H2,61,84,59
T2V 2W3,57,62,61
T2T 4P2,57,78,44
T3E 8A2,47,73,43
T3B 5R4,58,85,53
T2T 4A2,56,81,42
T3E 6T7,62,79,46
T2J 7C8,5,59,34
T3L 1N3,22,68,49
T2Y 2J7,50,68,56
T3G 0E3,13,49,33
T3B 2A4,26,68,39
T2T 4V9,63,80,58
T3J 0G5,1,27,34
T2S 1L1,58,93,47
T2Y 3G2,17,62,39
T3K 0E3,61,76,48
T3A 0V6,34,85,63
T3R 1M1,39,65,39
T3M 0T4,26,72,39
T3B 0A6,48,87,50
T3N 0R7,0,26,18
T3E 2A2,61,93,58
T2Y 5B2,4,60,33
T2N 2B1,76,99,60
T2M 2J4,38,83,49
T3R 0N4,11,45,38
T3L 3A3,28,75,23
T2S 1N6,61,90,42
T2S 0H4,83,98,58
T3G 4Y8,18,54,44
T3E 7A2,31,80,48
T3M 2W1,8,55,34
T2V 2V9,20,80,47
T3H 5Y1,58,64,32
T3K 2P3,43,56,40
T3H 5G4,6,35,27
T2W 2M3,11,56,35
T3H 2Y8,27,57,44
T1Y 2M2,38,76,40
T3K 0H3,41,62,45
T3J 0X7,33,67,59
T2E 3W9,79,78,54
T3R 0Y9,4,51,36
T3N 0W7,0,26,18
T2S 0H6,85,95,51
T3M 0B2,26,68,36
T3E 6G4,26,82,39
T2T 4K9,54,77,42
T3C 3S9,79,96,62
T2X 2H7,7,45,22
T3P 0Y3,0,30,0
T2G 3Y2,52,93,55
T2V 2B9,51,83,51
T3B 5Z8,1,40,23
T3C 1L4,55,92,59
T3K 0K5,39,62,48
T2T 2W6,90,86,53
T3H 1L4,31,65,48
T2Y 0L1,6,45,30
T2T 4Y2,60,80,45
T2T 2T7,32,80,36
T2L 1M7,60,79,62
T2C 5P4,17,35,38
T2S 1Z2,36,68,48
T2R 1K6,91,97,67
T2J 0E4,52,74,31
T3H 2B9,31,58,39
T2A 6P1,20,64,41
T2R 0B1,94,95,76
T3R 0W4,25,55,40
T2C 1T8,27,75,40
T3G 5M3,6,71,34
T2N 3S8,39,79,51
T3G 5M3,24,50,49
T2T 3B6,30,67,44
T2Z 1E2,56,81,47
,N/A,N/A,N/A
T3E 8B9,51,60,N/A
T2A 5E5,60,64,56
T3K 0M2,38,65,50
T3M 0E9,37,68,41
T3M 2A5,8,55,34
T2E 5G9,53,92,39
T2X 3Y8,12,45,38
T2E 3T1,81,82,57
T3H 0R7,54,68,31
T2T 1E9,59,78,52
T2Z 4Z4,37,69,44
T3H 5K8,57,81,39
T3K 0W6,53,69,51
T3C 3H2,24,82,42
T2N 3K8,48,88,56
T3G 2W9,47,55,40
T3A 2V5,68,80,47
T2R 0V6,93,94,75
T2N 3V3,40,75,59
T3A 3H1,58,87,62
T2S 2J3,59,91,46
T2G 4S2,40,77,53
T2E 5R3,44,83,51
T1Y 3T8,35,68,39
T2T 4V1,66,84,48
T3J 0G4,1,27,34
T2R 0N9,89,96,71
T2T 5H9,34,78,52
T3C 1L1,58,93,59
T2G 5N7,44,69,44
T3N 0K1,0,26,18
T3M 0G4,19,36,35
T3H 4V3,16,62,46
T3K 0K8,68,67,53
T2M 4H9,31,83,55
T3L 0E4,25,57,26
T3K 5E2,5,38,32
T2X 3N7,13,54,29
T3H 0V6,25,50,44
T3G 5X2,17,50,29
T2A 0W6,41,57,50
T3M 2S7,8,55,34
T3H 4V3,16,39,39
T2V 0G7,63,80,56
T2N 0J1,72,86,64
T2K 4K3,40,59,57
T3G 6B2,22,41,33
T3H 5J1,44,76,36
T2V 1G5,52,91,62
T2T 1T4,70,74,47
T2K 4Z4,26,58,51
T3M 2V1,8,55,34
T3H 4B5,13,65,38
T2T 4V4,61,84,45
T2N 0A2,75,99,68
T3G 5W7,54,68,36
T3H 1E6,43,70,37
T2P 0S9,95,91,79
T2N 0J1,69,84,61
T3G 6B2,22,41,30
T3M 0V3,36,60,40
T2S 0H5,85,95,51
T2V 3C7,49,58,59
T3P 0G9,0,33,0
T2L 0M8,52,77,45
T3G 5J7,26,44,54
T3P 0X3,0,28,0
T3A 5E2,23,41,33
T2T 4H8,42,80,39
T2T 3X9,51,81,41
T1Y 6K8,4,56,36
T2T 4V2,66,84,48
T3G 3Z9,68,74,51
T2P 5K2,84,94,76
T3M 2S4,8,55,34
T2S 0J7,85,80,52
T3K 5G6,13,57,31
T2Z 2M9,32,69,44
T3M 2S1,8,55,34
T3K 2L7,53,69,51
T3K 2L8,53,69,51
T2J 7E9,40,76,54
T2X 0T8,38,60,32
T3K 1M9,39,64,55
T2Y 0L2,48,53,29
T2N 3K7,62,N/A,64
T3K 5G6,4,38,30
T2N 3K7,51,89,58
T2T 2R6,37,82,38
T3A 6B9,24,63,38
T1Y 7L4,60,77,50
T3E 6Z9,31,80,48
T2M 3Y2,58,95,64
T3N 0C3,13,43,34
T2E 1V5,79,85,55
T3M 0H4,9,35,34
T3H 5L6,11,59,25
T2K 5S4,36,83,56
T3J 2B3,22,65,48
T2N 1K1,50,65,60
T3K 2B2,27,61,47
T2M 3Y2,42,83,63
T2K 5S4,32,51,54
T2A 3X5,55,70,47
T3H 0X6,25,50,44
T2K 1Z1,36,75,52
T3K 4T7,26,58,40
T3A 2M7,61,93,50
T2A 0G4,55,85,59
T3B 6J1,9,41,36
T2T 0N5,51,76,52
T3P 0Z1,0,30,0
T2W 1S2,30,61,35
T2L 1R6,40,68,52
T2S 1A5,33,70,42
T2N 0Z6,43,84,63
T2N 3V4,44,77,65
T2X 2G7,12,45,38
T3E 4S4,62,67,51
T2J 2A3,10,60,35
T2N 3V4,46,67,60
T2E 2C9,61,83,52
T2W 2P2,24,36,51
T3C 2L5,58,79,59
T3H 5P7,15,49,39
T3M 0C5,34,59,38
T3C 2K5,52,81,57
T2M 1J3,74,86,54
T3J 0J4,7,60,40
T1Y 1X5,50,75,54
T3C 1T9,67,88,55
T3J 3W3,12,59,58
T2P 4Z9,91,95,77
T3M 2H5,8,55,34
T3H 0Z2,25,50,44
T2J 2Z6,20,61,46
T3N 0N6,0,45,41
T3H 1C8,40,74,37
T2T 0T1,39,75,53
T2V 1H4,48,77,34
T3A 0L4,53,88,44
T3N 0S5,1,52,40
T3N 1J9,0,26,15
T3M 0B4,21,56,36
T3E 2N7,66,84,56
T3A 1E6,72,75,55
T3K 2K1,46,66,53
T2E 6M1,40,77,53
T2X 4K2,12,45,38
T2X 4K6,N/A,N/A,N/A
T2N 4W3,20,73,55
T2W 3P7,12,37,35
T3H 2W1,47,56,45
T2E 0J4,76,76,69
T2K 5K8,38,71,50
T3R 1S2,19,45,39
T2T 1Y6,59,82,43
T3H 2N7,16,52,52
T3E 3R6,41,59,46
T3K 4G9,50,65,51
T2V 0H3,73,82,58
T3M 2X2,0,21,22
T2A 1B7,67,64,52
T2L 1Z2,60,77,45
T2E 2X6,49,79,52
T2Y 2C2,58,67,49
T3J 1A7,37,63,50
T2V 0G1,64,78,45
T3J 0H4,38,71,55
T2T 0H1,93,86,66
T3H 4Y4,5,56,24
T2Y 4B5,26,60,38
T3H 3L3,19,49,42
T2T 4M4,64,85,51
T3H 4M8,21,55,36
T2M 0V9,76,99,62
T2T 4L6,41,79,38
T3S 0A4,0,53,0
T3L 0C1,23,57,28
T2B 3C3,17,37,41
T2N 1A4,43,66,49
T3E 2K3,65,85,55
T2E 0W6,63,75,38
T3H 0E2,41,72,34
T3M 1R6,8,55,34
T1Y 2X7,49,76,48
T2X 0Y7,5,45,N/A
T3C 2B5,45,77,39
T2Y 3C9,58,70,49
T2K 5H5,20,43,53
T3A 4Y5,27,66,39
T3H 5V9,55,94,32
T2V 3V5,43,67,42
T2L 2A1,52,81,63
T2M 1E2,60,90,51
T2J 1N2,57,83,59
T3P 0M1,0,30,0
T2T 2S2,37,82,38
T3R 0V4,0,38,0
T2A 3R6,50,50,49
T3H 0G4,12,72,53
T2M 2X4,76,99,57
T1Y 2W2,29,58,52
T3H 5V9,32,74,38
T3R 0T1,0,38,0
T2P 5J4,87,97,74
T2J 0Y6,43,66,42
T2N 0C1,45,85,49
T2V 2L2,53,88,62
T2B 1W2,29,54,43
T3H 4V1,8,44,32
T2Z 0A2,53,80,47
T2V 0A7,65,79,43
T2V 0L1,25,78,37
T2E 3G6,81,98,55
T2E 2Z8,84,95,57
T2N 0R5,84,99,64
T3M 0M8,31,54,37
T2E 0K9,79,91,64
T2G 1B7,40,87,54
T2K 0C1,31,79,51
T3H 4G4,2,22,28
T3E 7A5,31,80,48
T3J 3X7,14,55,57
T2N 4J4,43,84,63
T3L 1L2,28,68,51
T3A 5S1,13,20,42
T3N 0P7,0,26,18
T3M 1R2,8,55,34
T2N 2V5,38,83,50
T2X 2C4,16,49,42
T3P 1N6,0,30,0
T3P 1N5,0,30,0
T2T 6C3,66,81,46
T2V 0S4,54,87,59
T3A 5S1,8,8,40
T3P 1K3,14,56,39
T2G 5R1,71,89,77
T2T 1J5,50,78,46
T2J 0S9,58,79,50
T3H 0S2,31,73,40
T3M 0M5,36,60,40
T2A 7T9,11,59,42
T2Z 0H4,40,72,39
T3H 1V4,25,50,44
T2M 0G9,78,99,57
T2S 0K8,64,88,57
T3P 1A9,N/A,N/A,N/A
T2J 0S9,56,79,50
T2X 0V5,12,45,38
T3B 5H8,22,67,54
T2N 4M1,48,86,63
T2E 0L1,80,82,61
T3E 1H4,47,71,48
T3C 3X5,18,51,51
T2V 2M2,14,84,47
T2N 1P9,63,96,64
T3R 0G6,23,61,36
T3B 0Z4,53,66,51
T3E 1Z5,58,81,50
T2S 0J1,68,95,59
T3H 3P9,26,68,54
T3E 2K2,63,89,57
T3B 1L5,44,55,41
T3E 6S7,38,71,48
T2T 1N3,58,75,48
T3E 2W6,64,76,55
T2W 0W9,36,71,51
T1Y 7K9,33,68,34
T3B 0Y1,57,86,51
T2K 5X6,48,76,50
T3J 1Y6,41,74,57
T2T 1M5,50,78,46
T2R 1B5,92,94,78
T2E 0M2,62,75,52
T2J 1R3,25,62,30
T2P 5M9,86,96,76
T2E 1Y7,71,86,53
T3G 1B5,33,68,40
T2M 1J9,55,84,51
T2E 0M2,64,75,47
T3C 1A3,59,93,59
T3H 6A1,25,50,44
T2L 1M8,60,79,62
T2G 0N2,57,94,55
T2Z 4Z2,49,63,44
T1Y 6T1,16,64,33
T3H 5C7,49,76,39
T3H 1C6,18,73,38
T2Z 5G1,6,58,33
T2S 1J3,49,90,43
T2G 1C1,26,57,38
T2K 1S5,51,81,45
T3H 1W6,25,50,44
T1Y 2M1,38,70,40
T3G 5L2,27,80,25
T2N 0L2,47,87,49
T2G 1C7,95,10,82
T3G 5P7,25,43,51
T3H 2W5,26,55,55
T3H 3X5,20,47,38
T3E 2Z7,64,76,54
T3E 4W3,48,65,49
T2N 1W4,88,91,65
T3E 3A8,66,87,55
T3G 3X2,25,84,36
T2X 0C8,47,66,23
T3K 5M4,46,58,53
T3G 3B5,32,57,34
T3J 2S8,48,71,53
T3G 4A9,72,71,53
T3G 5L2,13,53,32
T2G 1C7,90,94,74
T3G 3X2,15,56,38
T2Y 4P5,7,50,25
T3H 0G2,21,38,43
T3N 0L4,0,26,18
T3N 0R1,0,26,18
T3M 1A8,18,65,36
T3B 6J9,9,41,36
T3G 3N4,16,48,38
T3E 4V5,48,61,48
T2X 1P2,29,71,50
T2T 1T9,69,75,46
T2S 2Y7,34,76,50
T2N 3V6,51,61,60
T3H 4T2,12,72,55
T3H 3L7,63,72,46
T2K 1M1,48,89,49
T2B 2E2,9,55,42
T2A 2H6,18,46,52
T2X 0M7,8,39,30
T3G 5R1,31,57,38
T1Y 7E7,22,59,39
T3J 5C7,19,46,60
T2N 0E5,86,99,71
T2E 4C4,74,99,56
T2J 2L7,32,66,50
T3P 1M6,N/A,N/A,N/A
T2S 1T8,48,81,52
T3L 1Y3,11,59,33
T2N 1W3,90,99,70
T3B 2E5,50,83,46
T3M 1Y9,8,55,34
T3C 0N7,75,92,62
T2S 1R2,50,90,54
T2Z 0W7,30,65,44
T3M 0P3,9,35,34
T2Y 0H8,48,53,29
T3P 1J7,0,30,0
T3P 0G2,0,33,0
T2X 0E4,30,63,32
T2W 1H6,41,68,58
T2Y 5A8,9,30,29
T2W 2K8,31,71,55
T3E 6R4,50,76,43
T2K 1P3,56,89,46
T3N 1R8,0,26,18
T3G 4B1,36,72,35
T2T 3S7,45,84,43
T2V 2W1,18,66,42
T3B 2Z8,25,83,51
T3P 1N1,0,30,0
T2X 0Z4,12,45,38
T2M 0W8,78,97,58
T3P 0W7,0,30,0
T3C 3B7,67,10,50
T3E 2S6,71,91,57
T2T 1C8,51,77,47
T3A 2W4,72,83,55
T2T 1E1,49,77,47
T3B 2Z4,42,60,46
T3B 6G6,9,41,36
T2S 1R5,51,78,53
T3C 3B7,51,90,54
T3A 2W4,60,93,49
T2T 4C8,48,80,41
T2E 7Y1,24,54,34
T3J 5E9,8,59,31
T3J 2V7,51,93,55
T2L 2H8,48,69,50
T2T 1N8,66,76,48
T2A 2S7,56,63,58
T2E 4N9,64,98,53
T2K 0S6,22,56,56
T2T 6B5,75,78,50
T2T 4M8,53,78,51
T3M 2B1,8,55,34
T2S 0W9,11,78,53
T2T 1B1,58,91,49
T2K 3T9,45,75,52
T3B 5J7,55,82,59
T2S 0R6,64,93,45
T1Y 2Y2,41,73,54
T3A 6A4,61,91,62
T3J 2V7,48,70,57
T2M 4J3,44,N/A,68
T2T 4G3,58,81,48
T2M 0P3,72,95,59
T2Z 3G7,13,60,34
T2T 4G1,62,81,49
T3M 0J1,1,27,22
T3L 2B1,46,71,56
T3R 0Y7,17,35,35
T2E 8G7,46,78,43
T3H 3K1,10,44,37
T3C 1Y2,50,90,48
T3K 1H2,42,64,54
T2M 4J3,45,88,63
T3C 1Y2,31,83,43
T2N 1Y2,91,99,68
T2Y 0P9,9,60,37
T2Y 0G5,3,29,28
T2S 3H4,46,76,41
T3A 6C5,23,55,39
T2X 3Z9,12,45,38
T3P 0Z2,0,30,0
T3M 1W7,8,55,34
T3A 5V9,17,24,35
T3C 1L5,59,93,59
T3M 2J7,8,55,34
T3J 4T7,3,56,37
T2E 4Y5,46,78,43
T2V 2C4,27,84,49
T3A 3P6,11,42,29
T2W 6G7,27,60,48
T2W 2N5,0,22,0
T1Y 4M4,42,71,49
T2T 4R2,40,80,39
T2E 1S6,75,84,51
T2X 3E8,25,52,40
T2N 3X1,37,81,60
T3E 6S4,51,64,44
T2Y 3X8,19,35,33
T3A 6E2,2,25,39
T2G 3N2,50,66,44
T2W 2N5,5,53,33
T2T 3S8,49,82,40
T2L 0Z2,36,81,49
T2B 3V2,22,42,42
T3E 1V7,53,82,56
T2Y 4W5,35,66,33
T2N 0S7,47,89,50
T2S 1E4,57,87,49
T3H 3N6,1,23,38
T3H 0J6,24,66,57
T3E 5Y7,12,53,37
T3R 1P6,30,52,40
T2L 0P3,48,77,45
T2Y 5B3,12,52,25
T3H 5X7,26,50,31
T3R 1V2,0,38,0
T2C 0W7,44,61,47
T3K 4S6,71,67,54
T3B 2E4,41,81,46
T2R 1C2,95,95,76
T2K 3P4,57,67,54
T2N 1T9,84,99,64
T2Z 1X2,25,63,40
T2S 1N8,52,90,51
T2P 1P1,83,88,78
T3B 0P1,59,90,43
T2T 0E7,78,85,59
T2J 3C2,26,73,34
T2T 1W6,68,82,47
T2X 2B9,12,45,38
T3M 1R8,2,19,23
T3A 4R7,35,65,30
T3P 1H9,0,23,17
T2Y 2W9,10,49,33
T2B 1G5,60,62,53
T2W 4T9,36,66,31
T2T 6C2,61,81,45
T2X 0X6,12,45,38
T2Z 2S1,17,65,31
T3C 3E9,35,85,44
T2H 1B8,48,79,57
T3G 2R7,22,54,40
T3H 5Z7,11,73,56
T3R 0W7,0,38,0
T2X 0M6,4,55,27
T2N 0K8,48,88,49
T3P 0K9,0,30,0
T2E 2A7,49,83,48
T3K 0M7,51,61,37
T2X 2J1,6,47,22
T3M 1Z1,8,55,34
T3A 2M9,59,91,49
T2W 1R9,14,65,42
T3K 4M2,23,62,37
T3M 2T4,N/A,N/A,N/A
T3K 0P6,22,56,41
T2S 0R4,75,97,54
T3H 0X5,31,67,38
T3H 1S2,37,75,37
T2X 0L9,8,49,31
T2Y 2N4,30,66,49
T2T 2L5,34,73,41
T1Y 4K2,41,75,54
T1Y 6W4,38,63,41
T3K 5M7,12,48,41
T2T 1R6,65,77,48
T2Z 0T5,39,70,44
T2P 0E7,85,89,78
T2M 1C2,77,86,56
T1Y 2R6,30,69,43
T2V 0M3,63,82,57
T3N 1M5,0,26,18
T2V 5J9,57,79,58
T2A 5E6,61,65,55
T2P 3T9,87,96,74
T3N 1M6,11,44,34
T2Z 0J6,19,69,30
T2E 2C5,55,81,50
T2M 1N6,60,81,52
T2G 0S3,77,90,77
T3E 1Y6,59,93,58
T2T 0J5,70,85,51
T2V 2B1,24,71,44
T1Y 6Y2,29,64,40
T3K 6C5,47,92,53
T3H 5T4,39,54,52
T3B 1H1,66,92,45
T3G 5B8,26,41,53
T2R 0H8,95,87,52
T3M 2W8,34,73,38
T3K 4J8,22,61,36
T2E 6X3,79,78,48
T2T 1C4,60,84,46
T3N 0E1,13,42,34
T3M 1S9,28,73,40
T3H 0E3,58,65,32
T3K 6C5,32,65,50
T2R 0H8,93,96,70
T3M 0S5,31,54,37
T2M 3W5,52,90,63
T2E 0V7,81,97,53
T2Z 3T3,23,70,42
T2N 3L4,46,84,53
T3C 0M9,94,10,70
T3H 3L9,27,64,55
T3R 0J6,19,45,40
T2T 4M6,41,83,49
T2G 3P9,44,69,44
T2E 9C4,72,99,57
T2X 4C2,4,55,21
T3L 0C3,8,60,20
T3C 0M9,87,99,62
T2M 0S2,82,99,60
T2C 1B7,35,55,43
T3H 6B6,91,92,65
T3E 2M1,65,85,55
T3P 1M8,0,30,0
T2X 4E9,12,45,38
T2V 5J2,14,84,47
T2N 0C4,42,86,51
T2T 1W7,72,84,49
T3C 0P1,61,83,60
T2N 3J7,89,99,70
T3H 6B6,89,84,62
T2T 1W7,83,99,44
T3C 3C9,22,81,41
T1X 0L6,34,42,40
T3M 3B6,8,55,34
T2A 1C7,69,61,54
T2R 1B4,94,94,78
T3M 2R1,8,55,34
T2S 2C3,70,72,44
T2K 2A8,29,71,51
T2X 2G2,1,43,N/A
T3K 0Z4,53,69,51
T3M 1Y1,3,43,23
T3R 1K1,0,38,0
T3R 1R9,0,38,0
T3J 2X8,47,71,59
T3H 0H6,49,70,35
T3M 0X4,19,73,40
T3M 2G5,40,72,37
T3M 2H8,36,72,38
T3M 2X3,0,29,22
T3N 1T2,0,26,18
T2X 3C9,12,45,38
T3N 1G5,0,26,18
T3E 7R1,34,72,47
T2X 4H2,12,45,38
T2W 3L6,49,72,53
T2A 2P7,61,67,59
T3H 1B2,45,66,36
T2T 5A6,32,72,45
T3M 2V7,8,55,34
T3B 2N7,47,78,39
T2E 5C1,60,88,48
T3H 0A8,21,51,28
T3E 2H7,63,86,56
T2T 0Y7,34,78,52
T2E 0E8,69,98,63
T2Y 4V7,8,46,25
T2A 5P7,55,71,44
T3K 0N2,33,62,49
T2T 3J7,42,86,47
T2X 0N9,16,34,39
T3L 2V6,17,59,23
T2N 3M4,69,97,61
T3K 3A4,14,52,34
T2V 1H7,59,71,50
T2X 3L4,24,64,30
T3A 5H5,14,44,34
T2S 2W2,56,88,56
T3E 4S2,60,65,47
T2M 0P7,77,95,60
T2M 1L7,71,98,56
T2G 4Z9,88,88,79
T2Y 4X8,58,74,35
T2S 2K4,53,86,47
T2B 2N9,35,57,47
T2A 1M1,67,61,55
T2T 1P3,50,80,44
T3M 0B5,19,65,37
T2B 1B5,81,82,58
T2E 3H7,40,74,51
T2Y 2N8,37,66,50
T3H 0S3,11,71,56
T2N 0E8,93,99,72
T3H 4V2,5,48,29
T2N 2M1,71,10,63
T2V 2V6,21,79,46
T2B 1B5,68,62,54
T2N 2M1,67,89,61
